Question ID,Question,Answer
1,What is the current interest rate for savings?,The current interest rate for savings accounts is 1.5% per annum.
2,How can I open a checking account?,You can open a checking account by visiting any of our branches or by applying online through our website.
3,What is the minimum balance for a savings account?,The minimum balance for a savings account is $500.
4,How do I apply for a personal loan?,You can apply for a personal loan online through our website or by visiting any of our branches.
5,What documents are required to open an account?,"To open an account, you need a valid ID, proof of address, and your Social Security number."
6,Can I set up automatic bill payments?,"Yes, you can set up automatic bill payments through our online banking portal."
7,What is the annual fee for a credit card?,The annual fee for our standard credit card is $50.
8,How do I report a lost or stolen card?,"To report a lost or stolen card, call our customer service hotline immediately at 1-800-123-4567."
9,What are the branch opening hours?,"Our branches are open from 9 AM to 5 PM, Monday to Friday, and from 9 AM to 12 PM on Saturdays."
10,How can I check my account balance?,"You can check your account balance through our online banking portal, mobile app, or by visiting an ATM."
11,What is the interest rate on a home mortgage?,The current interest rate on a home mortgage is 3.75% per annum.
12,Can I get a loan to buy a car?,"Yes, we offer auto loans with competitive interest rates. You can apply online or visit a branch for more details."
13,What is the foreign transaction fee for credit cards?,The foreign transaction fee for our credit cards is 3% of the transaction amount.
14,How do I update my contact information?,You can update your contact information through our online banking portal or by visiting any of our branches.
15,What are the fees for international wire transfers?,The fee for international wire transfers is $25 per transaction.
16,Can I get a statement copy?,"Yes, you can request a statement copy through our online banking portal, by visiting a branch, or by calling customer service."
17,How do I set up a direct deposit?,"To set up a direct deposit, provide your employer with your account number and our bank's routing number, which you can find on our website."
18,What is the grace period for credit card payments?,The grace period for credit card payments is 21 days from the end of the billing cycle.
19,How do I close my account?,"To close your account, visit any of our branches or call our customer service hotline."
20,What is the overdraft fee for checking accounts?,The overdraft fee for checking accounts is $35 per transaction.
